t,x,y,yaw,v,w
0.020000,0.000000,0.000000,0.000000,0.000000,0.000000
0.120000,0.049047,-0.000000,-0.000000,0.454678,0.000000
0.220000,0.099047,-0.000000,-0.000000,0.500000,0.000000
0.320000,0.149047,-0.000000,-0.000000,0.500000,0.000000
0.420000,0.199047,-0.000000,-0.000000,0.500000,0.000000
0.520000,0.249047,-0.000000,-0.000000,0.500000,0.000000
0.620000,0.299047,-0.000000,-0.000000,0.500000,0.000000
0.720000,0.349047,-0.000000,-0.000000,0.500000,0.000000
0.820000,0.399047,-0.000000,-0.000000,0.500000,0.000000
0.920000,0.449047,-0.000000,-0.000000,0.500000,0.000000
1.020000,0.499047,-0.000000,-0.000000,0.500000,0.000000
1.120000,0.549047,-0.000000,-0.000000,0.500000,0.000000
1.220000,0.599047,-0.000000,-0.000000,0.500000,0.000000
1.320000,0.649047,-0.000000,-0.000000,0.500000,0.000000
1.420000,0.699047,-0.000000,-0.000000,0.500000,-0.000000
1.520000,0.749047,-0.000000,-0.000000,0.500000,0.000000
1.620000,0.799047,-0.000000,-0.000000,0.500000,0.000000
1.720000,0.849047,-0.000000,-0.000000,0.500000,-0.000000
1.820000,0.899047,-0.000000,-0.000000,0.500000,0.000000
1.920000,0.949047,-0.000000,-0.000000,0.500000,0.000000
2.020000,0.999047,-0.000000,-0.000000,0.500000,0.000000
2.120000,1.049047,-0.000000,-0.000000,0.500000,0.000000
2.220000,1.099047,-0.000000,-0.000000,0.500000,-0.000000
2.320000,1.149047,-0.000000,-0.000000,0.500000,0.000000
2.420000,1.199047,-0.000000,-0.000000,0.500000,0.000000
2.520000,1.249047,-0.000000,-0.000000,0.500000,0.000000
2.620000,1.299047,-0.000000,-0.000000,0.500000,0.000000
2.720000,1.349047,-0.000000,-0.000000,0.500000,0.000000
2.820000,1.399047,-0.000000,-0.000000,0.500000,0.000000
2.920000,1.449047,-0.000000,-0.000000,0.500000,0.000000
3.020000,1.499047,-0.000000,-0.000000,0.500000,-0.000000
3.120000,1.549047,-0.000000,-0.000000,0.500000,0.000000
3.220000,1.599047,-0.000000,-0.000000,0.500000,0.000000
3.320000,1.649047,-0.000000,-0.000000,0.500000,-0.000000
3.420000,1.699047,-0.000000,-0.000000,0.500000,-0.000000
3.520000,1.749047,-0.000000,-0.000000,0.500000,-0.000000
3.620000,1.799047,-0.000000,-0.000000,0.500000,0.000000
3.720000,1.849047,-0.000000,-0.000000,0.500000,0.000000
3.820000,1.899047,-0.000000,-0.000000,0.500000,-0.000000
3.920000,1.949047,-0.000000,-0.000000,0.500000,0.000000
4.020000,1.999047,-0.000000,-0.000000,0.500000,-0.000000
4.120000,1.999547,-0.000000,0.049500,0.000000,0.500000
4.220000,1.999547,-0.000000,0.099500,0.000000,0.500000
4.320000,1.999547,-0.000000,0.149500,0.000000,0.500000
4.420000,1.999547,-0.000000,0.199500,0.000000,0.500000
4.520000,1.999547,-0.000000,0.249500,0.000000,0.500000
4.620000,1.999547,-0.000000,0.299500,0.000000,0.500000
4.720000,1.999547,-0.000000,0.349500,0.000000,0.500000
4.820000,1.999547,-0.000000,0.399500,0.000000,0.500000
4.920000,1.999547,-0.000000,0.449500,0.000000,0.500000
5.020000,1.999547,-0.000000,0.499500,0.000000,0.500000
5.120000,1.999547,-0.000000,0.549500,0.000000,0.500000
5.220000,1.999547,-0.000000,0.599500,0.000000,0.500000
5.320000,1.999547,-0.000000,0.649500,0.000000,0.500000
5.420000,1.999547,-0.000000,0.699500,0.000000,0.500000
5.520000,1.999547,-0.000000,0.749500,0.000000,0.500000
5.620000,1.999547,-0.000000,0.799500,0.000000,0.500000
5.720000,1.999547,-0.000000,0.849500,0.000000,0.500000
5.820000,1.999547,-0.000000,0.899500,0.000000,0.500000
5.920000,1.999547,-0.000000,0.949500,0.000000,0.500000
6.020000,1.999547,-0.000000,0.999500,0.000000,0.500000
6.120000,1.999547,-0.000000,1.049500,0.000000,0.500000
6.220000,1.999547,-0.000000,1.099500,0.000000,0.500000
6.320000,1.999547,-0.000000,1.149500,0.000000,0.500000
6.420000,1.999547,-0.000000,1.199500,0.000000,0.500000
6.520000,1.999547,-0.000000,1.249500,0.000000,0.500000
6.620000,1.999547,-0.000000,1.299500,0.000000,0.500000
6.720000,1.999547,-0.000000,1.349500,0.000000,0.500000
6.820000,1.999547,-0.000000,1.399500,0.000000,0.500000
6.920000,1.999547,-0.000000,1.449500,0.000000,0.500000
7.020000,1.999547,-0.000000,1.499500,0.000000,0.500000
7.120000,1.999547,-0.000000,1.549500,0.000000,0.500000
7.220000,1.999367,0.019499,1.580000,0.500000,0.000000
7.320000,1.998907,0.069497,1.580000,0.500000,-0.000000
7.420000,1.998447,0.119495,1.580000,0.500000,0.000000
7.520000,1.997987,0.169493,1.580000,0.500000,0.000000
7.620000,1.997527,0.219491,1.580000,0.500000,-0.000000
7.720000,1.997066,0.269489,1.580000,0.500000,-0.000000
7.820000,1.996606,0.319486,1.580000,0.500000,-0.000000
7.920000,1.996146,0.369484,1.580000,0.500000,-0.000000
8.020000,1.995686,0.419482,1.580000,0.500000,-0.000000
8.120000,1.995226,0.469480,1.580000,0.500000,-0.000000
8.220000,1.994766,0.519478,1.580000,0.500000,-0.000000
8.320000,1.994305,0.569476,1.580000,0.500000,-0.000000
8.420000,1.993845,0.619474,1.580000,0.500000,-0.000000
8.520000,1.993385,0.669472,1.580000,0.500000,-0.000000
8.620000,1.992925,0.719470,1.580000,0.500000,-0.000000
8.720000,1.992465,0.769467,1.580000,0.500000,-0.000000
8.820000,1.992004,0.819465,1.580000,0.500000,-0.000000
8.920000,1.991544,0.869463,1.580000,0.500000,-0.000000
9.020000,1.991084,0.919461,1.580000,0.500000,-0.000000
9.120000,1.990624,0.969459,1.580000,0.500000,0.000000
9.220000,1.990164,1.019457,1.580000,0.500000,0.000000
9.320000,1.989704,1.069455,1.580000,0.500000,-0.000000
9.420000,1.989243,1.119453,1.580000,0.500000,0.000000
9.520000,1.988783,1.169450,1.580000,0.500000,0.000000
9.620000,1.988323,1.219448,1.580000,0.500000,0.000000
9.720000,1.987863,1.269446,1.580000,0.500000,0.000000
9.820000,1.987403,1.319444,1.580000,0.500000,-0.000000
9.920000,1.986943,1.369442,1.580000,0.500000,0.000000
10.020000,1.986482,1.419440,1.580000,0.500000,-0.000000
10.120000,1.986022,1.469438,1.580000,0.500000,0.000000
10.220000,1.985562,1.519436,1.580000,0.500000,-0.000000
10.320000,1.985102,1.569434,1.580000,0.500000,0.000000
10.420000,1.984642,1.619431,1.580000,0.500000,-0.000000
10.520000,1.984181,1.669429,1.580000,0.500000,-0.000000
10.620000,1.983721,1.719427,1.580000,0.500000,-0.000000
10.720000,1.983261,1.769425,1.580000,0.500000,-0.000000
10.820000,1.982801,1.819423,1.580000,0.500000,0.000000
10.920000,1.982341,1.869421,1.580000,0.500000,-0.000000
11.020000,1.981881,1.919419,1.580000,0.500000,-0.000000
11.120000,1.981420,1.969417,1.580000,0.500000,0.000000
11.220000,1.981140,1.999915,1.599500,0.000000,0.500000
11.320000,1.981140,1.999915,1.649500,0.000000,0.500000
11.420000,1.981140,1.999915,1.699500,0.000000,0.500000
11.520000,1.981140,1.999915,1.749500,0.000000,0.500000
11.620000,1.981140,1.999915,1.799500,0.000000,0.500000
11.720000,1.981140,1.999915,1.849500,0.000000,0.500000
11.820000,1.981140,1.999915,1.899500,0.000000,0.500000
11.920000,1.981140,1.999915,1.949500,0.000000,0.500000
12.020000,1.981140,1.999915,1.999500,0.000000,0.500000
12.120000,1.981140,1.999915,2.049500,0.000000,0.500000
12.220000,1.981140,1.999915,2.099500,0.000000,0.500000
12.320000,1.981140,1.999915,2.149500,0.000000,0.500000
12.420000,1.981140,1.999915,2.199500,0.000000,0.500000
12.520000,1.981140,1.999915,2.249500,0.000000,0.500000
12.620000,1.981140,1.999915,2.299500,0.000000,0.500000
12.720000,1.981140,1.999915,2.349500,0.000000,0.500000
12.820000,1.981140,1.999915,2.399500,0.000000,0.500000
12.920000,1.981140,1.999915,2.449500,0.000000,0.500000
13.020000,1.981140,1.999915,2.499500,0.000000,0.500000
13.120000,1.981140,1.999915,2.549500,0.000000,0.500000
13.220000,1.981140,1.999915,2.599500,0.000000,0.500000
13.320000,1.981140,1.999915,2.649500,0.000000,0.500000
13.420000,1.981140,1.999915,2.699500,0.000000,0.500000
13.520000,1.981140,1.999915,2.749500,0.000000,0.500000
13.620000,1.981140,1.999915,2.799500,0.000000,0.500000
13.720000,1.981140,1.999915,2.849500,0.000000,0.500000
13.820000,1.981140,1.999915,2.899500,0.000000,0.500000
13.920000,1.981140,1.999915,2.949500,0.000000,0.500000
14.020000,1.981140,1.999915,2.999500,0.000000,0.500000
14.120000,1.981140,1.999915,3.049500,0.000000,0.500000
14.220000,1.981140,1.999915,3.099500,0.000000,0.500000
14.320000,1.981140,1.999915,-3.133685,0.000000,0.500000
14.420000,1.932142,1.999479,-3.132685,0.500000,0.000000
14.520000,1.882144,1.999033,-3.132685,0.500000,0.000000
14.620000,1.832146,1.998588,-3.132685,0.500000,-0.000000
14.720000,1.782148,1.998143,-3.132685,0.500000,0.000000
14.820000,1.732150,1.997697,-3.132685,0.500000,0.000000
14.920000,1.682152,1.997252,-3.132685,0.500000,0.000000
15.020000,1.632154,1.996807,-3.132685,0.500000,-0.000000
15.120000,1.582156,1.996361,-3.132685,0.500000,0.000000
15.220000,1.532158,1.995916,-3.132685,0.500000,0.000000
15.320000,1.482159,1.995471,-3.132685,0.500000,0.000000
15.420000,1.432161,1.995025,-3.132685,0.500000,0.000000
15.520000,1.382163,1.994580,-3.132685,0.500000,0.000000
15.620000,1.332165,1.994135,-3.132685,0.500000,0.000000
15.720000,1.282167,1.993689,-3.132685,0.500000,0.000000
15.820000,1.232169,1.993244,-3.132685,0.500000,0.000000
15.920000,1.182171,1.992798,-3.132685,0.500000,0.000000
16.020000,1.132173,1.992353,-3.132685,0.500000,0.000000
16.120000,1.082175,1.991908,-3.132685,0.500000,0.000000
16.220000,1.032177,1.991462,-3.132685,0.500000,0.000000
16.320000,0.982179,1.991017,-3.132685,0.500000,0.000000
16.420000,0.932181,1.990572,-3.132685,0.500000,0.000000
16.520000,0.882183,1.990126,-3.132685,0.500000,0.000000
16.620000,0.832185,1.989681,-3.132685,0.500000,0.000000
16.720000,0.782187,1.989236,-3.132685,0.500000,0.000000
16.820000,0.732189,1.988790,-3.132685,0.500000,0.000000
16.920000,0.682191,1.988345,-3.132685,0.500000,0.000000
17.020000,0.632193,1.987899,-3.132685,0.500000,0.000000
17.120000,0.582195,1.987454,-3.132685,0.500000,0.000000
17.220000,0.532197,1.987009,-3.132685,0.500000,0.000000
17.320000,0.482199,1.986563,-3.132685,0.500000,0.000000
17.420000,0.432201,1.986118,-3.132685,0.500000,0.000000
17.520000,0.382203,1.985673,-3.132685,0.500000,0.000000
17.620000,0.332205,1.985227,-3.132685,0.500000,0.000000
17.720000,0.282207,1.984782,-3.132685,0.500000,0.000000
17.820000,0.232209,1.984337,-3.132685,0.500000,0.000000
17.920000,0.182211,1.983891,-3.132685,0.500000,0.000000
18.020000,0.132213,1.983446,-3.132685,0.500000,0.000000
18.120000,0.082215,1.983000,-3.132685,0.500000,0.000000
18.220000,0.032217,1.982555,-3.132685,0.500000,0.000000
18.320000,-0.017781,1.982110,-3.132685,0.500000,0.000000
18.420000,-0.018281,1.982105,-3.083185,0.000000,0.500000
18.520000,-0.018281,1.982105,-3.033185,0.000000,0.500000
18.620000,-0.018281,1.982105,-2.983185,0.000000,0.500000
18.720000,-0.018281,1.982105,-2.933185,0.000000,0.500000
18.820000,-0.018281,1.982105,-2.883185,0.000000,0.500000
18.920000,-0.018281,1.982105,-2.833185,0.000000,0.500000
19.020000,-0.018281,1.982105,-2.783185,0.000000,0.500000
19.120000,-0.018281,1.982105,-2.733185,0.000000,0.500000
19.220000,-0.018281,1.982105,-2.683185,0.000000,0.500000
19.320000,-0.018281,1.982105,-2.633185,0.000000,0.500000
19.420000,-0.018281,1.982105,-2.583185,0.000000,0.500000
19.520000,-0.018281,1.982105,-2.533185,0.000000,0.500000
19.620000,-0.018281,1.982105,-2.483185,0.000000,0.500000
19.720000,-0.018281,1.982105,-2.433185,0.000000,0.500000
19.820000,-0.018281,1.982105,-2.383185,0.000000,0.500000
19.920000,-0.018281,1.982105,-2.333185,0.000000,0.500000
20.020000,-0.018281,1.982105,-2.283185,0.000000,0.500000
20.120000,-0.018281,1.982105,-2.233185,0.000000,0.500000
20.220000,-0.018281,1.982105,-2.183185,0.000000,0.500000
20.320000,-0.018281,1.982105,-2.133185,0.000000,0.500000
20.420000,-0.018281,1.982105,-2.083185,0.000000,0.500000
20.520000,-0.018281,1.982105,-2.033185,0.000000,0.500000
20.620000,-0.018281,1.982105,-1.983185,0.000000,0.500000
20.720000,-0.018281,1.982105,-1.933185,0.000000,0.500000
20.820000,-0.018281,1.982105,-1.883185,0.000000,0.500000
20.920000,-0.018281,1.982105,-1.833185,0.000000,0.500000
21.020000,-0.018281,1.982105,-1.783185,0.000000,0.500000
21.120000,-0.018281,1.982105,-1.733185,0.000000,0.500000
21.220000,-0.018281,1.982105,-1.683185,0.000000,0.500000
21.320000,-0.018281,1.982105,-1.633185,0.000000,0.500000
21.420000,-0.018281,1.982105,-1.583185,0.000000,0.500000
21.520000,-0.018042,1.952606,-1.562685,0.500000,0.000000
21.620000,-0.017636,1.902608,-1.562685,0.500000,0.000000
21.720000,-0.017231,1.852610,-1.562685,0.500000,0.000000
21.820000,-0.016825,1.802611,-1.562685,0.500000,0.000000
21.920000,-0.016420,1.752613,-1.562685,0.500000,0.000000
22.020000,-0.016014,1.702614,-1.562685,0.500000,0.000000
22.120000,-0.015608,1.652616,-1.562685,0.500000,0.000000
22.220000,-0.015203,1.602618,-1.562685,0.500000,0.000000
22.320000,-0.014797,1.552619,-1.562685,0.500000,0.000000
22.420000,-0.014392,1.502621,-1.562685,0.500000,0.000000
22.520000,-0.013986,1.452623,-1.562685,0.500000,0.000000
22.620000,-0.013581,1.402624,-1.562685,0.500000,0.000000
22.720000,-0.013175,1.352626,-1.562685,0.500000,0.000000
22.820000,-0.012770,1.302628,-1.562685,0.500000,0.000000
22.920000,-0.012364,1.252629,-1.562685,0.500000,0.000000
23.020000,-0.011959,1.202631,-1.562685,0.500000,0.000000
23.120000,-0.011553,1.152633,-1.562685,0.500000,-0.000000
23.220000,-0.011147,1.102634,-1.562685,0.500000,-0.000000
23.320000,-0.010742,1.052636,-1.562685,0.500000,-0.000000
23.420000,-0.010336,1.002638,-1.562685,0.500000,0.000000
23.520000,-0.009931,0.952639,-1.562685,0.500000,0.000000
23.620000,-0.009525,0.902641,-1.562685,0.500000,0.000000
23.720000,-0.009120,0.852642,-1.562685,0.500000,-0.000000
23.820000,-0.008714,0.802644,-1.562685,0.500000,0.000000
23.920000,-0.008309,0.752646,-1.562685,0.500000,-0.000000
24.020000,-0.007903,0.702647,-1.562685,0.500000,-0.000000
24.120000,-0.007498,0.652649,-1.562685,0.500000,0.000000
24.220000,-0.007092,0.602651,-1.562685,0.500000,-0.000000
24.320000,-0.006686,0.552652,-1.562685,0.500000,0.000000
24.420000,-0.006281,0.502654,-1.562685,0.500000,0.000000
24.520000,-0.005875,0.452656,-1.562685,0.500000,-0.000000
24.620000,-0.005470,0.402657,-1.562685,0.500000,-0.000000
24.720000,-0.005064,0.352659,-1.562685,0.500000,-0.000000
24.820000,-0.004659,0.302661,-1.562685,0.500000,0.000000
24.920000,-0.004253,0.252662,-1.562685,0.500000,0.000000
25.020000,-0.003848,0.202664,-1.562685,0.500000,-0.000000
25.120000,-0.003442,0.152665,-1.562685,0.500000,0.000000
25.220000,-0.003036,0.102667,-1.562685,0.500000,-0.000000
25.320000,-0.002631,0.052669,-1.562685,0.500000,0.000000
25.420000,-0.002225,0.002670,-1.562685,0.500000,0.000000
25.520000,-0.002059,-0.017829,-1.533185,0.000000,0.500000
25.620000,-0.002059,-0.017829,-1.483185,0.000000,0.500000
25.720000,-0.002059,-0.017829,-1.433185,0.000000,0.500000
25.820000,-0.002059,-0.017829,-1.383185,0.000000,0.500000
25.920000,-0.002059,-0.017829,-1.333185,0.000000,0.500000
26.020000,-0.002059,-0.017829,-1.283185,0.000000,0.500000
26.120000,-0.002059,-0.017829,-1.233185,0.000000,0.500000
26.220000,-0.002059,-0.017829,-1.183185,0.000000,0.500000
26.320000,-0.002059,-0.017829,-1.133185,0.000000,0.500000
26.420000,-0.002059,-0.017829,-1.083185,0.000000,0.500000
26.520000,-0.002059,-0.017829,-1.033185,0.000000,0.500000
26.620000,-0.002059,-0.017829,-0.983185,0.000000,0.500000
26.720000,-0.002059,-0.017829,-0.933185,0.000000,0.500000
26.820000,-0.002059,-0.017829,-0.883185,0.000000,0.500000
26.920000,-0.002059,-0.017829,-0.833185,0.000000,0.500000
27.020000,-0.002059,-0.017829,-0.783185,0.000000,0.500000
27.120000,-0.002059,-0.017829,-0.733185,0.000000,0.500000
27.220000,-0.002059,-0.017829,-0.683185,0.000000,0.500000
27.320000,-0.002059,-0.017829,-0.633185,0.000000,0.500000
27.420000,-0.002059,-0.017829,-0.583185,0.000000,0.500000
27.520000,-0.002059,-0.017829,-0.533185,0.000000,0.500000
27.620000,-0.002059,-0.017829,-0.483185,0.000000,0.500000
27.720000,-0.002059,-0.017829,-0.433185,0.000000,0.500000
27.820000,-0.002059,-0.017829,-0.383185,0.000000,0.500000
27.920000,-0.002059,-0.017829,-0.333185,0.000000,0.500000
28.020000,-0.002059,-0.017829,-0.283185,0.000000,0.500000
28.120000,-0.002059,-0.017829,-0.233185,0.000000,0.500000
28.220000,-0.002059,-0.017829,-0.183185,0.000000,0.500000
28.320000,-0.002059,-0.017829,-0.133185,0.000000,0.500000
28.420000,-0.002059,-0.017829,-0.083185,0.000000,0.500000
28.520000,-0.002059,-0.017829,-0.033185,0.000000,0.500000
28.620000,-0.002059,-0.017829,0.007315,0.000000,0.000000
28.720000,-0.002059,-0.017829,0.007315,0.000000,0.000000
28.820000,-0.002059,-0.017829,0.007315,0.000000,0.000000
28.920000,-0.002059,-0.017829,0.007315,0.000000,0.000000
29.020000,-0.002059,-0.017829,0.007315,0.000000,0.000000
29.120000,-0.002059,-0.017829,0.007315,0.000000,0.000000
29.220000,-0.002059,-0.017829,0.007315,0.000000,0.000000
29.320000,-0.002059,-0.017829,0.007315,0.000000,0.000000
29.420000,-0.002059,-0.017829,0.007315,0.000000,0.000000
29.520000,-0.002059,-0.017829,0.007315,0.000000,0.000000
29.620000,-0.002059,-0.017829,0.007315,0.000000,0.000000
